{"train": [4.9089220835570595, 4.5823506244494325, 4.47592417797358, 4.414607756230174, 4.36641086043964, 4.328995163728544, 4.293723402913991, 4.263506998505299, 4.229238772446583, 4.199708927193644, 4.167793605213556, 4.1332441799189885, 4.0969920750359465, 4.0559791807161645, 4.0153223403765566, 3.9674634471841173, 3.9159321203861803, 3.857809254683232, 3.791377313044728, 3.7176629742077107], "val": [4.70022013452318, 4.572776092423333, 4.518433180120256, 4.485428545210096, 4.44492753346761, 4.443263292312622, 4.396025445726183, 4.368748148282369, 4.379991584353977, 4.352491670184666, 4.342499640252855, 4.310043149524265, 4.2909149461322365, 4.272116422653198, 4.241233454810248, 4.220433764987522, 4.182002908653683, 4.143629339006212, 4.111612690819634, 4.092862135834164]}