{"train": [5.286596790261584, 5.167235904511124, 5.140599002056079, 5.132965774362343, 5.128191804560007, 5.124747994277363, 5.119857841309219, 5.115230826419144, 5.110207615246262, 5.10366223884878, 5.096377706201853, 5.0903021729888565, 5.08287004240553, 5.074867804664143, 5.0656156594226465, 5.054660360470991, 5.04303474795574, 5.029160505003701, 5.013155318066851, 4.99466041877764], "val": [5.199185477362739, 5.15734244717492, 5.153779334492153, 5.155515193939209, 5.156862894694011, 5.14902839395735, 5.144191344579061, 5.13923978805542, 5.136532452371386, 5.136150664753384, 5.139414654837714, 5.120354639159308, 5.12823564476437, 5.124712003601922, 5.114798174964057, 5.116450760099623, 5.1107485559251575, 5.114446785714891, 5.071656823158264, 5.090607457690769]}